26.0,39.8,Bozcaada
26.2,39.6,Ayvacık
26.2,39.8,Ezine
26.2,40.0,Çanakkale
26.2,40.6,Enez
26.2,40.8,İpsala
26.4,38.6,Karaburun
26.4,39.6,Ayvacık
26.4,39.8,Ezine
26.4,40.0,Çanakkale
26.4,40.2,Çanakkale
26.4,40.4,Gelibolu
26.4,40.6,Keşan
26.4,40.8,İpsala
26.4,41.0,İpsala
26.4,41.2,Meriç
26.4,41.8,Edirne Merkez
26.6,38.2,Urla
26.6,38.4,Urla
26.6,39.6,Ayvacık
26.6,39.8,Bayramiç
26.6,40.0,Çanakkale
26.6,40.2,Çanakkale
26.6,40.4,Gelibolu
26.6,40.8,Keşan
26.6,41.0,İpsala
26.6,41.2,Uzunköprü
26.6,41.6,Edirne Merkez
26.6,41.8,Edirne Merkez
26.8,38.2,Seferihisar
26.8,39.0,Dikili
26.8,39.2,Dikili
26.8,39.4,Gömeç
26.8,39.6,Edremit
26.8,39.8,Bayramiç
26.8,40.2,Lapseki
26.8,40.4,Lapseki
26.8,40.8,Malkara
26.8,41.0,Malkara
26.8,41.2,Uzunköprü
26.8,41.4,Uzunköprü
26.8,41.6,Havsa
26.8,41.8,Süloğlu
27.0,38.2,Menderes
27.0,38.4,Narlıdere
27.0,38.6,Menemen
27.0,38.8,Aliağa
27.0,39.0,Bergama
27.0,39.2,Dikili
27.0,39.4,Burhaniye
27.0,39.6,Edremit
27.0,39.8,Yenice
27.0,40.2,Biga
27.0,40.6,Şarköy
27.0,40.8,Malkara
27.0,41.0,Malkara
27.0,41.2,Hayrabolu
27.0,41.4,Babaeski
27.0,41.6,Havsa
27.0,41.8,Süloğlu
27.2,37.4,Didim
27.2,37.6,Söke
27.2,38.0,Menderes
27.2,38.2,Menderes
27.2,38.4,Buca
27.2,38.6,Menemen
27.2,38.8,Yunus Emre
27.2,39.0,Bergama
27.2,39.2,Bergama
27.2,39.4,Burhaniye
27.2,39.6,Havran
27.2,39.8,Yenice
27.2,40.0,Yenice
27.2,40.2,Biga
27.2,40.4,Biga
27.2,40.8,Süleymanpaşa
27.2,41.0,Süleymanpaşa
27.2,41.2,Hayrabolu
27.2,41.4,Babaeski
27.2,41.6,Kırklareli Merkez
27.2,41.8,Kırklareli Merkez
27.4,37.0,Bodrum
27.4,37.4,Didim
27.4,37.6,Söke
27.4,37.8,Söke
27.4,38.0,Selçuk
27.4,38.2,Torbalı
27.4,38.4,Kemalpaşa
27.4,38.6,Yunus Emre
27.4,39.0,Kınık
27.4,39.2,Bergama
27.4,39.4,İvrindi
27.4,39.6,İvrindi
27.4,39.8,Yenice
27.4,40.0,Yenice
27.4,40.2,Biga
27.4,40.8,Şarköy
27.4,41.0,Süleymanpaşa
27.4,41.2,Muratlı
27.4,41.4,Lüleburgaz
27.4,41.6,Pınarhisar
27.4,41.8,Kırklareli Merkez
27.6,37.0,Bodrum
27.6,37.2,Milas
27.6,37.4,Milas
27.6,37.6,Söke
27.6,37.8,Koçarlı
27.6,38.0,Germencik
27.6,38.2,Bayındır
27.6,38.4,Kemalpaşa
27.6,38.8,Saruhanlı
27.6,39.0,Akhisar
27.6,39.2,Soma
27.6,39.4,Savaştepe
27.6,39.6,İvrindi
27.6,39.8,Balya
27.6,40.0,Gönen
27.6,40.2,Gönen
27.6,40.6,Topağaç Mahallesi
27.6,41.0,Süleymanpaşa
27.6,41.2,Muratlı
27.6,41.4,Ergene
27.6,41.6,Pınarhisar
27.6,41.8,Pınarhisar
27.8,36.8,Datça
27.8,37.0,Milas
27.8,37.2,Milas
27.8,37.4,Milas
27.8,37.6,Karpuzlu
27.8,37.8,Efeler
27.8,38.0,Tire
27.8,38.2,Ödemiş
27.8,38.4,Turgutlu
27.8,38.6,Turgutlu
27.8,38.8,Akhisar
27.8,39.0,Akhisar
27.8,39.2,Kırkağaç
27.8,39.4,Altıeylül
27.8,39.6,Altıeylül
27.8,39.8,Karesi
27.8,40.0,Manyas
27.8,40.2,Gönen
27.8,40.4,Erdek
27.8,41.0,Marmaraereğlisi
27.8,41.2,Ergene
27.8,41.4,Saray
27.8,41.6,Vize
27.8,41.8,Demirköy
28.0,36.6,Marmaris
28.0,36.8,Datça
28.0,37.0,Milas
28.0,37.2,Yatağan
28.0,37.4,Yatağan
28.0,37.6,Çine
28.0,37.8,Efeler
28.0,38.0,Ödemiş
28.0,38.2,Ödemiş
28.0,38.4,Salihli
28.0,38.6,Salihli
28.0,38.8,Akhisar
28.0,39.0,Akhisar
28.0,39.2,Sındırgı
28.0,39.4,Bigadiç
28.0,39.6,Altıeylül
28.0,39.8,Karesi
28.0,40.0,Manyas
28.0,40.2,Bandırma
28.0,41.2,Çorlu
28.0,41.4,Saray
28.0,41.6,Vize
28.0,41.8,Demirköy
28.2,36.8,Marmaris
28.2,37.0,Menteşe
28.2,37.2,Menteşe
28.2,37.4,Yatağan
28.2,37.6,Çine
28.2,37.8,Yenipazar
28.2,38.0,Sultanhisar
28.2,38.2,Kiraz
28.2,38.4,Salihli
28.2,38.6,Salihli
28.2,38.8,Gördes
28.2,39.0,Gördes
28.2,39.2,Sındırgı
28.2,39.4,Bigadiç
28.2,39.6,Kepsut
28.2,39.8,Susurluk
28.2,40.0,Susurluk
28.2,40.2,Karacabey
28.2,40.4,Bandırma
28.2,41.2,Silivri
28.2,41.4,Çatalca
28.4,36.8,Marmaris
28.4,37.2,Menteşe
28.4,37.4,Kavaklıdere
28.4,37.6,Bozdoğan
28.4,37.8,Nazilli
28.4,38.0,Nazilli
28.4,38.2,Kiraz
28.4,38.4,Alaşehir
28.4,38.6,Salihli
28.4,38.8,Köprübaşı
28.4,39.0,Gördes
28.4,39.2,Sındırgı
28.4,39.4,Bigadiç
28.4,39.6,Dursunbey
28.4,39.8,Kepsut
28.4,40.0,Mustafakemalpaşa
28.4,40.2,Karacabey
28.4,40.4,Karacabey
28.4,41.2,Çatalca
28.4,41.4,Çatalca
28.6,36.8,Köyceğiz
28.6,37.0,Köyceğiz
28.6,37.2,Menteşe
28.6,37.4,Menteşe
28.6,37.6,Karacasu
28.6,37.8,Karacasu
28.6,38.0,Kuyucak
28.6,38.2,Alaşehir
28.6,38.4,Alaşehir
28.6,38.6,Kula
28.6,38.8,Demirci
28.6,39.0,Demirci
28.6,39.2,Sındırgı
28.6,39.4,Dursunbey
28.6,39.6,Dursunbey
28.6,39.8,Mustafakemalpaşa
28.6,40.0,Mustafakemalpaşa
28.6,40.2,Karacabey
28.6,41.0,Büyükçekmece
28.6,41.2,Arnavutköy
28.8,36.8,Dalaman
28.8,37.0,Köyceğiz
28.8,37.2,Beyağaç
28.8,37.4,Kale
28.8,37.6,Tavas
28.8,37.8,Babadağ
28.8,38.0,Buldan
28.8,38.2,Sarıgöl
28.8,38.4,Eşme
28.8,38.6,Kula
28.8,38.8,Selendi
28.8,39.0,Demirci
28.8,39.2,Simav
28.8,39.4,Dursunbey
28.8,39.6,Dursunbey
28.8,39.8,Büyükorhan
28.8,40.0,Orhaneli
28.8,40.2,Nilüfer
28.8,40.4,Mudanya
28.8,40.6,Yalova
28.8,41.0,Küçükçekmece
28.8,41.2,Arnavutköy
29.0,36.8,Fethiye
29.0,37.0,Köyceğiz
29.0,37.2,Tavas
29.0,37.4,Tavas
29.0,37.6,Tavas
29.0,37.8,Merkezefendi
29.0,38.0,Sarayköy
29.0,38.2,Güney
29.0,38.4,Eşme
29.0,38.6,Eşme
29.0,38.8,Selendi
29.0,39.0,Simav
29.0,39.2,Simav
29.0,39.4,Simav
29.0,39.6,Harmancık
29.0,39.8,Orhaneli
29.0,40.0,Orhaneli
29.0,40.2,Osmangazi
29.0,40.6,Yalova, Çınarcık
29.0,41.0,Beyoğlu
29.0,41.2,Sarıyer
29.2,36.4,Seydikemer
29.2,36.6,Fethiye
29.2,36.8,Fethiye
29.2,37.0,Çameli
29.2,37.2,Acıpayam
29.2,37.4,Tavas
29.2,37.6,Tavas
29.2,37.8,Pamukkale
29.2,38.0,Pamukkale
29.2,38.2,Ulubey
29.2,38.4,Ulubey
29.2,38.6,Uşak
29.2,38.8,Uşak
29.2,39.0,Şaphane
29.2,39.2,Hisarcık
29.2,39.4,Emet
29.2,39.6,Tavşanlı
29.2,39.8,Keles
29.2,40.0,Osmangazi
29.2,40.2,Kestel
29.2,40.4,Gemlik
29.2,40.6,Yalova, Termal
29.2,41.0,Sancaktepe
29.2,41.2,Beykoz
29.4,36.6,Seydikemer
29.4,36.8,Seydikemer
29.4,37.0,Gölhisar
29.4,37.2,Acıpayam
29.4,37.4,Acıpayam
29.4,37.6,Acıpayam
29.4,37.8,Honaz
29.4,38.2,Bekilli
29.4,38.4,Ulubey
29.4,38.6,Uşak
29.4,38.8,Uşak
29.4,39.0,Gediz
29.4,39.2,Hisarcık
29.4,39.4,Emet
29.4,39.6,Tavşanlı
29.4,39.8,Keles
29.4,40.0,İnegöl
29.4,40.2,Kestel
29.4,40.4,Orhangazi
29.4,40.6,Yalova, Çiftlikköy
29.4,40.8,Gebze
29.4,41.0,Pendik
29.4,41.2,Şile
29.6,36.8,Seydikemer
29.6,37.0,Altınyayla
29.6,37.2,Çavdır
29.6,37.4,Acıpayam
29.6,37.6,Yeşilova
29.6,37.8,Bozkurt
29.6,38.0,Baklan
29.6,38.2,Çivril
29.6,38.4,Karahallı
29.6,38.6,Sivaslı
29.6,38.8,Banaz
29.6,39.0,Gediz
29.6,39.2,Çavdarhisar
29.6,39.4,Tavşanlı
29.6,39.6,Tavşanlı
29.6,39.8,Domaniç
29.6,40.0,İnegöl
29.6,40.2,Yenişehir
29.6,40.4,İznik
29.6,40.6,Karamürsel
29.6,40.8,Dilovası
29.6,41.0,Gebze
29.8,36.2,Demre
29.8,36.6,Elmalı
29.8,36.8,Elmalı
29.8,37.0,Korkuteli
29.8,37.2,Tefenni
29.8,37.4,Karamanlı
29.8,37.6,Yeşilova
29.8,37.8,Çardak
29.8,38.0,Dazkırı
29.8,38.2,Çivril
29.8,38.4,Çivril
29.8,38.6,Banaz
29.8,38.8,Banaz
29.8,39.0,Altıntaş
29.8,39.2,Aslanapa
29.8,39.4,Kütahya Merkez
29.8,39.6,Kütahya Merkez
29.8,39.8,Bozüyük
29.8,40.0,Pazaryeri
29.8,40.2,Bilecik Merkez
29.8,40.4,İznik
29.8,40.6,Gölcük
29.8,40.8,Körfez
29.8,41.0,Derince
30.0,36.2,Demre
30.0,36.4,Finike
30.0,36.6,Elmalı
30.0,36.8,Elmalı
30.0,37.0,Korkuteli
30.0,37.2,Korkuteli
30.0,37.4,Kemer
30.0,37.6,Burdur Merkez
30.0,37.8,Burdur Merkez
30.0,38.0,Evciler
30.0,38.2,Çivril
30.0,38.4,Çivril
30.0,38.6,Hocalar
30.0,38.8,Banaz
30.0,39.0,Dumlupınar
30.0,39.2,Aslanapa
30.0,39.4,Kütahya Merkez
30.0,39.6,Kütahya Merkez
30.0,39.8,Bozüyük
30.0,40.0,Pazaryeri
30.0,40.2,Bilecik Merkez
30.0,40.4,Osmaneli
30.0,40.6,Başiskele
30.0,40.8,İzmit
30.0,41.0,Kandıra
30.2,36.4,Finike
30.2,36.6,Kumluca
30.2,36.8,Korkuteli
30.2,37.0,Korkuteli
30.2,37.2,Korkuteli
30.2,37.4,Burdur Merkez
30.2,37.6,Burdur Merkez
30.2,37.8,Keçiborlu
30.2,38.0,Dinar
30.2,38.2,Dinar
30.2,38.4,Sandıklı
30.2,38.6,Sandıklı
30.2,38.8,Sinanpaşa
30.2,39.0,Altıntaş
30.2,39.2,Kütahya Merkez
30.2,39.4,Kütahya Merkez
30.2,39.6,Kütahya Merkez
30.2,39.8,İnönü
30.2,40.0,Söğüt
30.2,40.2,Gölpazarı
30.2,40.4,Geyve
30.2,40.6,Sapanca
30.2,40.8,İzmit
30.2,41.0,Kandıra
30.4,36.4,Kumluca
30.4,36.6,Kemer
30.4,36.8,Konyaaltı
30.4,37.0,Korkuteli
30.4,37.2,Korkuteli
30.4,37.4,Bucak
30.4,37.6,Burdur Merkez
30.4,37.8,Burdur Merkez
30.4,38.0,Gönen
30.4,38.2,Dinar
30.4,38.4,Sandıklı
30.4,38.6,Şuhut
30.4,38.8,Sinanpaşa
30.4,39.0,İhsaniye
30.4,39.2,Kütahya Merkez
30.4,39.4,Seyitgazi
30.4,39.6,Odunpazarı
30.4,39.8,Tepebaşı
30.4,40.0,Tepebaşı
30.4,40.2,Yenipazar
30.4,40.4,Taraklı
30.4,40.6,Geyve
30.4,40.8,Adapazarı
30.4,41.0,Kaynarca
30.6,36.6,Kemer
30.6,36.8,Antalya, Muratpaşa
30.6,37.0,Döşemealtı
30.6,37.2,Döşemealtı
30.6,37.4,Bucak
30.6,37.6,Ağlasun
30.6,37.8,Isparta Merkez
30.6,38.0,Atabey
30.6,38.2,Senirkent
30.6,38.4,Şuhut
30.6,38.6,Afyonkarahisar Merkez
30.6,38.8,Afyonkarahisar Merkez
30.6,39.0,İhsaniye
30.6,39.2,Seyitgazi
30.6,39.4,Seyitgazi
30.6,39.6,Odunpazarı
30.6,39.8,Tepebaşı
30.6,40.0,Mihalgazi
30.6,40.2,Yenipazar
30.6,40.4,Göynük
30.6,40.6,Akyazı
30.6,40.8,Hendek
30.6,41.0,Karasu
30.8,36.8,Antalya, Muratpaşa
30.8,37.0,Kepez
30.8,37.2,Aksu
30.8,37.4,Bucak
30.8,37.6,Isparta Merkez
30.8,37.8,Eğirdir
30.8,38.0,Eğirdir
30.8,38.2,Yalvaç
30.8,38.6,Afyonkarahisar Merkez
30.8,38.8,Afyonkarahisar Merkez
30.8,39.0,İscehisar
30.8,39.4,Seyitgazi
30.8,39.6,Mahmudiye
30.8,39.8,Odunpazarı
30.8,40.0,Sarıcakaya
30.8,40.2,Göynük
30.8,40.4,Göynük
30.8,40.6,Akyazı
30.8,40.8,Hendek
30.8,41.0,Kocaali
31.0,37.0,Serik
31.0,37.2,Serik
31.0,37.4,Sütçüler
31.0,37.6,Sütçüler
31.0,37.8,Aksu
31.0,38.0,Gelendost
31.0,38.2,Gelendost
31.0,38.4,Yalvaç
31.0,38.8,Bolvadin
31.0,39.0,Emirdağ
31.0,39.2,Çifteler
31.0,39.4,Çifteler
31.0,39.6,Mahmudiye
31.0,39.8,Alpu
31.0,40.0,Alpu
31.0,40.2,Ankara, Nallıhan
31.0,40.4,Göynük
31.0,40.6,Mudurnu
31.0,40.8,Gölyaka
31.0,41.0,Akçakoca
31.2,36.8,Manavgat
31.2,37.0,Manavgat
31.2,37.2,Manavgat
31.2,37.4,Manavgat
31.2,37.6,Sütçüler
31.2,37.8,Aksu
31.2,38.0,Şarkikaraağaç
31.2,38.2,Yalvaç
31.2,38.4,Yalvaç
31.2,38.6,Sultandağı
31.2,38.8,Bolvadin
31.2,39.0,Emirdağ
31.2,39.2,Emirdağ
31.2,39.4,Çifteler
31.2,39.6,Beylikova
31.2,39.8,Beylikova
31.2,40.0,Mihalıççık
31.2,40.2,Ankara, Nallıhan
31.2,40.4,Mudurnu
31.2,40.6,Mudurnu
31.2,40.8,Düzce Merkez
31.2,41.0,Akçakoca
31.4,36.8,Manavgat
31.4,37.0,Manavgat
31.4,37.2,İbradı
31.4,37.4,Derebucak
31.4,37.6,Beyşehir
31.4,37.8,Yenişarbademli
31.4,38.0,Şarkikaraağaç
31.4,38.2,Akşehir
31.4,38.4,Akşehir
31.4,38.6,Sultandağı
31.4,38.8,Sultandağı
31.4,39.0,Emirdağ
31.4,39.2,Sivrihisar
31.4,39.4,Sivrihisar
31.4,39.6,Sivrihisar
31.4,39.8,Mihalıççık
31.4,40.0,Mihalıççık
31.4,40.2,Ankara, Nallıhan
31.4,40.4,Mudurnu
31.4,40.6,Bolu Merkez
31.4,40.8,Yığılca
31.4,41.0,Yığılca
31.4,41.2,Ereğli
31.6,36.8,Manavgat
31.6,37.0,İbradı
31.6,37.2,Akseki
31.6,37.4,Derebucak
31.6,37.6,Beyşehir
31.6,37.8,Beyşehir
31.6,38.0,Hüyük
31.6,38.2,Doğanhisar
31.6,38.4,Akşehir
31.6,38.6,Tuzlukçu
31.6,38.8,Koçyazı Mahallesi
31.6,39.0,Emirdağ
31.6,39.2,Sivrihisar
31.6,39.4,Sivrihisar
31.6,39.6,Sivrihisar
31.6,39.8,Mihalıççık
31.6,40.0,Mihalıççık
31.6,40.2,Ankara, Nallıhan
31.6,40.4,Seben
31.6,40.6,Bolu Merkez
31.6,40.8,Bolu Merkez
31.6,41.0,Yığılca
31.6,41.2,Ereğli
31.6,41.4,Ereğli
31.8,36.6,Alanya
31.8,36.8,Gündoğmuş
31.8,37.0,Akseki
31.8,37.2,Akseki
31.8,37.4,Seydişehir
31.8,37.6,Beyşehir
31.8,37.8,Beyşehir
31.8,38.0,Beyşehir
31.8,38.2,Ilgın
31.8,38.4,Tuzlukçu
31.8,38.8,Yunak
31.8,39.2,Günyüzü
31.8,39.4,Günyüzü
31.8,39.6,Sivrihisar
31.8,39.8,Mihalıççık
31.8,40.0,Ankara, Beypazarı
31.8,40.2,Ankara, Beypazarı
31.8,40.4,Kıbrıscık
31.8,40.6,Seben
31.8,40.8,Bolu Merkez
31.8,41.0,Yığılca
31.8,41.2,Ereğli
31.8,41.4,Zonguldak Merkez
32.0,36.6,Alanya
32.0,36.8,Gündoğmuş
32.0,37.0,Gündoğmuş
32.0,37.2,Ahırlı
32.0,37.4,Seydişehir
32.0,37.6,Seydişehir
32.0,37.8,Meram
32.0,38.0,Derbent
32.0,38.2,Ilgın
32.0,38.4,Ilgın
32.0,39.0,Ankara, Polatlı
32.0,39.2,Ankara, Polatlı
32.0,39.4,Ankara, Polatlı
32.0,39.6,Ankara, Polatlı
32.0,39.8,Ankara, Polatlı
32.0,40.0,Ankara, Beypazarı
32.0,40.2,Ankara, Beypazarı
32.0,40.4,Kıbrıscık
32.0,40.6,Dörtdivan
32.0,40.8,Yeniçağa
32.0,41.0,Mengen
32.0,41.2,Devrek
32.0,41.4,Çaycuma
32.2,36.4,Alanya
32.2,36.6,Alanya
32.2,36.8,Gündoğmuş
32.2,37.0,Hadim
32.2,37.2,Bozkır
32.2,37.4,Ahırlı
32.2,37.6,Meram
32.2,37.8,Meram
32.2,38.0,Selçuklu
32.2,38.2,Kadınhanı
32.2,38.4,Kadınhanı
32.2,38.6,Kadınhanı
32.2,38.8,Kadınhanı
32.2,39.2,Ankara, Polatlı
32.2,39.4,Ankara, Polatlı
32.2,39.6,Ankara, Polatlı
32.2,39.8,Ankara, Polatlı
32.2,40.0,Ankara, Ayaş
32.2,40.2,Ankara, Güdül
32.2,40.4,Ankara, Çamlıdere
32.2,40.6,Gerede
32.2,40.8,Gerede
32.2,41.0,Mengen
32.2,41.2,Yenice
32.2,41.4,Çaycuma
32.2,41.6,Bartın Merkez
32.4,36.2,Gazipaşa
32.4,36.4,Gazipaşa
32.4,36.6,Alanya
32.4,36.8,Hadim
32.4,37.0,Hadim
32.4,37.2,Bozkır
32.4,37.4,Akören
32.4,37.6,Meram
32.4,37.8,Meram
32.4,38.0,Selçuklu
32.4,38.2,Sarayönü
32.4,38.4,Sarayönü
32.4,38.6,Sarayönü
32.4,38.8,Cihanbeyli
32.4,39.0,Ankara, Haymana
32.4,39.2,Ankara, Haymana
32.4,39.4,Ankara, Haymana
32.4,39.6,Ankara, Polatlı
32.4,39.8,Ankara, Sincan
32.4,40.0,Ankara, Ayaş
32.4,40.2,Ankara, Ayaş
32.4,40.4,Ankara, Çamlıdere
32.4,40.6,Gerede
32.4,40.8,Gerede
32.4,41.0,Eskipazar
32.4,41.2,Yenice
32.4,41.4,Bartın Merkez
32.4,41.6,Bartın Merkez
32.6,36.2,Anamur
32.6,36.4,Anamur
32.6,36.6,Sarıveliler
32.6,36.8,Başyayla
32.6,37.0,Hadim
32.6,37.2,Bozkır
32.6,37.4,Çumra
32.6,37.6,Çumra
32.6,37.8,Karatay
32.6,38.0,Selçuklu
32.6,38.2,Selçuklu
32.6,38.4,Altınekin
32.6,38.6,Sarayönü
32.6,38.8,Cihanbeyli
32.6,39.0,Cihanbeyli
32.6,39.2,Ankara, Haymana
32.6,39.4,Ankara, Haymana
32.6,39.6,Ankara, Gölbaşı
32.6,39.8,Ankara, Etimesgut
32.6,40.0,Ankara, Yenimahalle
32.6,40.2,Ankara, Kahramankazan
32.6,40.4,Ankara, Kızılcahamam
32.6,40.6,Ankara, Kızılcahamam
32.6,40.8,Çerkeş
32.6,41.0,Eskipazar
32.6,41.2,Karabük Merkez
32.6,41.4,Ulus
32.6,41.6,Ulus
32.6,41.8,Kurucaşile
32.8,36.0,Anamur
32.8,36.2,Anamur
32.8,36.4,Anamur
32.8,36.6,Ermenek
32.8,36.8,Ermenek
32.8,37.0,Karaman Merkez
32.8,37.2,Karaman Merkez
32.8,37.4,Çumra
32.8,37.6,Çumra
32.8,37.8,Karatay
32.8,38.0,Karatay
32.8,38.2,Altınekin
32.8,38.4,Cihanbeyli
32.8,38.6,Cihanbeyli
32.8,38.8,Cihanbeyli
32.8,39.2,Ankara, Haymana
32.8,39.4,Ankara, Gölbaşı
32.8,39.6,Ankara, Gölbaşı
32.8,39.8,Ankara, Gölbaşı
32.8,40.0,Ankara, Keçiören
32.8,40.2,Ankara, Kahramankazan
32.8,40.4,Ankara, Kızılcahamam
32.8,40.6,Ankara, Kızılcahamam
32.8,40.8,Çerkeş
32.8,41.0,Karabük Merkez
32.8,41.2,Safranbolu
32.8,41.4,Safranbolu
32.8,41.6,Ulus
32.8,41.8,Cide
33.0,36.2,Bozyazı
33.0,36.4,Anamur
33.0,36.6,Ermenek
33.0,37.0,Karaman Merkez
33.0,37.2,Karaman Merkez
33.0,37.4,Karaman Merkez
33.0,37.6,Çumra
33.0,37.8,Karatay
33.0,38.0,Karatay
33.0,38.2,Altınekin
33.0,38.4,Cihanbeyli
33.0,38.6,Cihanbeyli
33.0,38.8,Cihanbeyli
33.0,39.0,Fatih Sultan Mehmet Mahallesi
33.0,39.2,Altılar Mahallesi
33.0,39.4,Ankara, Balâ
33.0,39.6,Ankara, Gölbaşı
33.0,39.8,Ankara, Mamak
33.0,40.0,Ankara, Altındağ
33.0,40.2,Ankara, Çubuk
33.0,40.4,Ankara, Çubuk
33.0,40.6,Orta
33.0,40.8,Çerkeş
33.0,41.0,Ovacık
33.0,41.2,Araç
33.0,41.4,Eflani
33.0,41.6,Pınarbaşı
33.0,41.8,Cide
33.2,36.2,Aydıncık
33.2,36.4,Gülnar
33.2,37.0,Karaman Merkez
33.2,37.2,Karaman Merkez
33.2,37.4,Karaman Merkez
33.2,37.6,Karapınar
33.2,37.8,Karapınar
33.2,38.0,Karatay
33.2,38.2,Karatay
33.2,38.4,Cihanbeyli
33.2,38.6,Cihanbeyli
33.2,38.8,Zincirlikuyu Mahallesi
33.2,39.0,Fevziye Mahallesi
33.2,39.2,Ankara, Şereflikoçhisar
33.2,39.4,Ankara, Balâ
33.2,39.6,Ankara, Balâ
33.2,39.8,Ankara, Elmadağ
33.2,40.0,Ankara, Elmadağ
33.2,40.2,Ankara, Çubuk
33.2,40.4,Ankara, Çubuk
33.2,40.6,Orta
33.2,40.8,Kurşunlu
33.2,41.0,Bayramören
33.2,41.2,Araç
33.2,41.4,Daday
33.2,41.6,Pınarbaşı
33.2,41.8,Şenpazar
33.4,36.2,Aydıncık
33.4,36.4,Gülnar
33.4,37.0,Karaman Merkez
33.4,37.2,Karaman Merkez
33.4,37.4,Karaman Merkez
33.4,37.6,Karapınar
33.4,37.8,Karapınar
33.4,38.0,Karatay
33.4,38.2,Eskil
33.4,38.4,Eskil
33.4,38.6,Eskil
33.4,38.8,Ankara, Şereflikoçhisar
33.4,39.0,Ankara, Şereflikoçhisar
33.4,39.2,Ankara, Şereflikoçhisar
33.4,39.4,Ankara, Balâ
33.4,39.6,Karakeçili Belediyesi
33.4,39.8,Bahşılı Belediyesi
33.4,40.0,Ankara, Kalecik
33.4,40.2,Ankara, Kalecik
33.4,40.4,Şabanözü
33.4,40.6,Korgun
33.4,40.8,Kurşunlu
33.4,41.0,Araç
33.4,41.2,Araç
33.4,41.4,Daday
33.4,41.6,Azdavay
33.4,41.8,Azdavay
33.6,36.2,Silifke
33.6,36.4,Silifke
33.6,37.0,Silifke
33.6,37.2,Karaman Merkez
33.6,37.4,Ayrancı
33.6,37.6,Karapınar
33.6,37.8,Karapınar
33.6,38.0,Karapınar
33.6,38.2,Sultanhanı
33.6,38.4,Eskil
33.6,38.6,Aksaray Merkez
33.6,38.8,Ankara, Şereflikoçhisar
33.6,39.0,Ankara, Şereflikoçhisar
33.6,39.2,Kaman
33.6,39.4,Kaman
33.6,39.6,Keskin
33.6,40.0,Balışıh
33.6,40.2,Ankara, Kalecik
33.6,40.4,Çankırı Merkez
33.6,40.6,Çankırı Merkez
33.6,40.8,Ilgaz
33.6,41.0,Ilgaz
33.6,41.2,İhsangazi
33.6,41.4,Kastamonu Merkez
33.6,41.6,Ağlı
33.6,41.8,Küre
33.8,36.4,Silifke
33.8,36.6,Silifke
33.8,36.8,Silifke
33.8,37.0,Silifke
33.8,37.2,Ayrancı
33.8,37.4,Ayrancı
33.8,37.6,Karapınar
33.8,37.8,Emirgazi
33.8,38.0,Emirgazi
33.8,38.2,Aksaray Merkez
33.8,38.4,Aksaray Merkez
33.8,38.6,Aksaray Merkez
33.8,38.8,Ağaçören
33.8,39.0,Ankara, Evren
33.8,39.2,Kaman
33.8,39.4,Kaman
33.8,39.6,Keskin
33.8,39.8,Balışıh
33.8,40.0,Balışıh
33.8,40.2,Sulakyurt
33.8,40.4,Çankırı Merkez
33.8,40.6,Çankırı Merkez
33.8,40.8,Yapraklı
33.8,41.0,Ilgaz
33.8,41.2,Kastamonu Merkez
33.8,41.4,Kastamonu Merkez
33.8,41.6,Devrekani
33.8,41.8,Küre
34.0,36.4,Silifke
34.0,36.6,Silifke
34.0,36.8,Erdemli
34.0,37.0,Erdemli
34.0,37.2,Ayrancı
34.0,37.4,Ayrancı
34.0,37.6,Ereğli
34.0,37.8,Ereğli
34.0,38.2,Aksaray Merkez
34.0,38.4,Aksaray Merkez
34.0,38.6,Aksaray Merkez
34.0,38.8,Ağaçören
34.0,39.0,Kırşehir Merkez
34.0,39.2,Kırşehir Merkez
34.0,39.4,Akpınar
34.0,39.6,Akpınar
34.0,39.8,Delice
34.0,40.0,Delice
34.0,40.2,Sungurlu
34.0,40.4,Kızılırmak
34.0,40.6,Çankırı Merkez
34.0,40.8,Yapraklı
34.0,41.0,Tosya
34.0,41.2,Kastamonu Merkez
34.0,41.4,Taşköprü
34.0,41.6,Devrekani
34.0,41.8,Bozkurt
34.2,36.6,Erdemli
34.2,36.8,Erdemli
34.2,37.0,Erdemli
34.2,37.2,Ayrancı
34.2,37.4,Halkapınar
34.2,37.6,Ereğli
34.2,37.8,Ereğli
34.2,38.0,Altunhisar
34.2,38.2,Aksaray Merkez
34.2,38.4,Gülağaç
34.2,38.6,Aksaray Merkez
34.2,38.8,Ortaköy
34.2,39.0,Kırşehir Merkez
34.2,39.2,Kırşehir Merkez
34.2,39.4,Kırşehir Merkez
34.2,39.6,Akçakent
34.2,39.8,Yerköy
34.2,40.0,Sungurlu
34.2,40.2,Sungurlu
34.2,40.4,Sungurlu
34.2,40.6,Bayat
34.2,40.8,Bayat
34.2,41.0,Tosya
34.2,41.2,Taşköprü
34.2,41.4,Taşköprü
34.2,41.6,Taşköprü
34.2,41.8,Çatalzeytin
34.4,36.8,Mezitli
34.4,37.0,Toroslar
34.4,37.2,Çamlıyayla
34.4,37.4,Halkapınar
34.4,37.6,Ulukışla
34.4,38.2,Çiftlik
34.4,38.4,Gülağaç
34.4,38.6,Acıgöl
34.4,38.8,Emmiler Köyü
34.4,39.0,Mucur
34.4,39.2,Mucur
34.4,39.4,Boztepe
34.4,39.6,Çiçekdağı
34.4,39.8,Yerköy
34.4,40.0,Sungurlu
34.4,40.2,Sungurlu
34.4,40.4,Uğurludağ
34.4,40.6,İskilip
34.4,40.8,İskilip
34.4,41.0,Kargı
34.4,41.2,Kargı
34.4,41.4,Taşköprü
34.4,41.6,Hanönü
34.4,41.8,Ayancık
34.6,36.8,Yenişehir
34.6,37.0,Toroslar
34.6,37.2,Çamlıyayla
34.6,37.4,Ulukışla
34.6,37.6,Ulukışla
34.6,38.0,Niğde Merkez
34.6,38.2,Niğde Merkez
34.6,39.0,Hacıbektaş İlçe Merkezi
34.6,39.2,Yassıca Köyü
34.6,39.4,Çiçekdağı
34.6,39.6,Yerköy
34.6,40.0,Boğazkale
34.6,40.2,Sungurlu
34.6,40.4,Çorum Merkez
34.6,40.6,Çorum Merkez
34.6,40.8,İskilip
34.6,41.0,Osmancık
34.6,41.2,Kargı
34.6,41.4,Boyabat
34.6,41.6,Boyabat
34.6,41.8,Ayancık
34.8,36.8,Akdeniz
34.8,37.0,Tarsus
34.8,37.2,Tarsus
34.8,37.4,Pozantı
34.8,37.6,Ulukışla
34.8,38.0,Niğde Merkez
34.8,38.2,Niğde Merkez
34.8,38.8,Özkonak Beldesi
34.8,39.2,Kozaklı İlçe Merkezi
34.8,39.4,Şefaatli
34.8,39.6,Şefaatli
34.8,39.8,Yozgat
34.8,40.0,Alaca
34.8,40.2,Alaca
34.8,40.4,Çorum Merkez
34.8,40.6,Çorum Merkez
34.8,40.8,Dodurga
34.8,41.0,Osmancık
34.8,41.2,Kargı
34.8,41.4,Boyabat
34.8,41.6,Boyabat
34.8,41.8,Ayancık
35.0,36.8,Tarsus
35.0,37.0,Tarsus
35.0,37.2,Karaisalı
35.0,37.4,Karaisalı
35.0,37.6,Pozantı
35.0,37.8,Çamardı
35.0,38.0,Niğde Merkez
35.0,38.2,Niğde Merkez
35.0,38.4,Yeşilhisar
35.0,38.8,Kocasinan
35.0,39.0,Kalaba Beldesi
35.0,39.2,Yenifakılı
35.0,39.4,Boğazlıyan
35.0,40.2,Alaca
35.0,40.4,Çorum Merkez
35.0,40.6,Çorum Merkez
35.0,40.8,Hamamözü
35.0,41.0,Osmancık
35.0,41.2,Vezirköprü
35.0,41.4,Durağan
35.0,41.6,Boyabat
35.0,41.8,Sinop Merkez
35.2,36.8,Yüreğir
35.2,37.0,Seyhan
35.2,37.2,Karaisalı
35.2,37.4,Karaisalı
35.2,37.6,Aladağ
35.2,37.8,Yahyalı
35.2,38.0,Çamardı
35.2,38.2,Yeşilhisar
35.2,38.4,Yeşilhisar
35.2,38.6,İncesu
35.2,38.8,İncesu
35.2,39.0,Kocasinan
35.2,39.2,Boğazlıyan
35.2,39.4,Sarıkaya Deresi
35.2,39.6,Sorgun
35.2,39.8,Sorgun
35.2,40.0,Sorgun
35.2,40.2,Aydıncık
35.2,40.4,Çorum Merkez
35.2,40.6,Mecitözü
35.2,40.8,Gümüşhacıköy
35.2,41.0,Gümüşhacıköy
35.2,41.2,Vezirköprü
35.2,41.4,Durağan
35.2,41.6,Dikmen
35.2,41.8,Gerze
35.4,36.6,Karataş
35.4,36.8,Yüreğir
35.4,37.0,Sarıçam
35.4,37.2,Sarıçam
35.4,37.4,Aladağ
35.4,37.6,Aladağ
35.4,37.8,Yahyalı
35.4,38.0,Yahyalı
35.4,38.2,Yahyalı
35.4,38.4,Develi
35.4,38.6,Hacılar
35.4,38.8,Kocasinan
35.4,39.0,Boğazlıyan
35.4,39.2,Boğazlıyan
35.4,39.4,Sarıkaya Deresi
35.4,39.6,Sarıkaya Deresi
35.4,39.8,Sorgun
35.4,40.0,Çekerek
35.4,40.2,Çekerek
35.4,40.4,Göynücek
35.4,40.6,Mecitözü
35.4,40.8,Merzifon
35.4,41.0,Merzifon
35.4,41.2,Vezirköprü
35.4,41.4,Durağan
35.4,41.6,Yakakent
35.6,36.6,Yumurtalık
35.6,36.8,Yüreğir
35.6,37.0,Sarıçam
35.6,37.2,İmamoğlu
35.6,37.4,Kozan
35.6,37.6,Kozan
35.6,37.8,Feke
35.6,38.0,Yahyalı
35.6,38.2,Develi
35.6,38.4,Develi
35.6,38.6,Talas
35.6,38.8,Kayseri, Melikgazi
35.6,39.0,Kocasinan
35.6,39.2,Çandır
35.6,39.4,Çayıralan
35.6,39.6,Sarıkaya Deresi
35.6,39.8,Saraykent
35.6,40.0,Çekerek
35.6,40.2,Zile
35.6,40.4,Göynücek
35.6,40.8,Suluova
35.6,41.0,Havza
35.6,41.2,Vezirköprü
35.6,41.4,Bafra
35.6,41.6,Alaçam
35.8,36.8,Yumurtalık
35.8,37.0,Ceyhan
35.8,37.2,Ceyhan
35.8,37.4,Kozan
35.8,37.6,Kozan
35.8,37.8,Feke
35.8,38.0,Feke
35.8,38.2,Develi
35.8,38.4,Tomarza
35.8,38.6,Talas
35.8,38.8,Melikgazi
35.8,39.0,Sarıoğlan
35.8,39.2,Özvatan
35.8,39.4,Çayıralan
35.8,39.6,Akdağmadeni
35.8,39.8,Akdağmadeni
35.8,40.0,Kadışehri
35.8,40.2,Zile
35.8,40.4,Zile
35.8,40.6,Amasya
35.8,40.8,Suluova
35.8,41.0,Havza
35.8,41.2,Havza
35.8,41.4,Bafra
35.8,41.6,Bafra
36.0,36.0,Yayladağı
36.0,36.2,Samandağ
36.0,37.0,Ceyhan
36.0,37.2,Ceyhan
36.0,37.4,Sumbas
36.0,37.6,Kozan
36.0,37.8,Feke
36.0,38.0,Saimbeyli
36.0,38.2,Tufanbeyli
36.0,38.4,Tomarza
36.0,38.6,Pınarbaşı
36.0,38.8,Bünyan
36.0,39.0,Sarıoğlan
36.0,39.2,Gemerek
36.0,39.4,Gemerek
36.0,39.6,Akdağmadeni
36.0,39.8,Akdağmadeni
36.0,40.0,Sulusaray
36.0,40.2,Zile
36.0,40.4,Turhal
36.0,41.0,Kavak
36.0,41.2,Kavak
36.0,41.4,19 Mayıs
36.0,41.6,Bafra
36.2,36.0,Altınözü
36.2,36.2,Hatay, Antakya
36.2,36.4,Antakya
36.2,36.6,İskenderun
36.2,36.8,Dörtyol
36.2,37.0,Erzin
36.2,37.8,Saimbeyli
36.2,38.0,Saimbeyli
36.2,38.2,Tufanbeyli
36.2,38.4,Tomarza
36.2,38.6,Pınarbaşı
36.2,38.8,Pınarbaşı
36.2,39.0,Akkışla
36.2,39.2,Gemerek
36.2,39.4,Şarkışla
36.2,39.6,Şarkışla
36.2,39.8,Yıldızeli
36.2,40.0,Yeşilyurt
36.2,40.2,Pazar
36.2,40.4,Turhal
36.2,40.8,Taşova
36.2,41.0,Asarcık
36.2,41.2,İlkadım
36.2,41.4,Atakum
36.4,36.4,Kırıkhan
36.4,36.6,Kırıkhan
36.4,36.8,Dörtyol
36.4,37.2,Düziçi
36.4,37.4,Andırın
36.4,37.6,Andırın
36.4,37.8,Andırın
36.4,38.0,Göksun
36.4,38.2,Göksun
36.4,38.4,Sarız
36.4,38.6,Pınarbaşı
36.4,38.8,Pınarbaşı
36.4,39.0,Pınarbaşı
36.4,39.2,Şarkışla
36.4,39.4,Şarkışla
36.4,39.6,Şarkışla
36.4,39.8,Yıldızeli
36.4,40.0,Tokat
36.4,40.2,Tokat
36.4,40.4,Tokat
36.4,40.6,Erbaa
36.4,40.8,Taşova
36.4,41.0,Asarcık
36.4,41.2,Tekkeköy
36.4,41.4,Samsun, İlkadım
36.6,36.8,Hassa
36.6,37.0,İslahiye
36.6,37.2,Bahçe
36.6,37.4,Onikişubat
36.6,37.6,Onikişubat
36.6,37.8,Onikişubat
36.6,38.0,Göksun
36.6,38.2,Göksun
36.6,38.4,Sarız
36.6,38.6,Sarız
36.6,38.8,Pınarbaşı
36.6,39.0,Pınarbaşı
36.6,39.2,Şarkışla
36.6,39.4,Şarkışla
36.6,39.8,Yıldızeli
36.6,40.0,Tokat
36.6,40.2,Tokat
36.6,40.4,Tokat
36.6,40.6,Erbaa
36.6,40.8,Erbaa
36.6,41.0,Ayvacık
36.6,41.2,Çarşamba
36.8,36.8,Kilis Merkez
36.8,37.0,İslahiye
36.8,37.2,Nurdağı
36.8,37.4,Türkoğlu
36.8,37.6,Onikişubat
36.8,37.8,Onikişubat
36.8,38.0,Göksun
36.8,38.2,Afşin
36.8,38.4,Afşin
36.8,38.6,Gürün
36.8,38.8,Gürün
36.8,39.0,Pınarbaşı
36.8,39.2,Altınyayla
36.8,39.4,Ulaş
36.8,39.8,Yıldızeli
36.8,40.0,Yıldızeli
36.8,40.2,Yıldızeli
36.8,40.4,Tokat
36.8,40.6,Niksar
36.8,40.8,Akkuş
36.8,41.0,Salıpazarı
36.8,41.2,Çarşamba
37.0,36.8,Kilis Merkez
37.0,37.0,Musabeyli
37.0,37.2,Nurdağı
37.0,37.4,Dulkadiroğlu
37.0,37.6,Dulkadiroğlu
37.0,37.8,Dulkadiroğlu
37.0,38.0,Ekinözü
37.0,38.2,Afşin
37.0,38.4,Afşin
37.0,38.6,Gürün
37.0,38.8,Gürün
37.0,39.0,Kangal
37.0,39.2,Kangal
37.0,39.4,Ulaş
37.0,39.8,Sivas Belediyesi
37.0,40.2,Almus
37.0,40.4,Almus
37.0,40.6,Niksar
37.0,40.8,Akkuş
37.0,41.0,İkizce
37.0,41.2,Terme
37.2,36.8,Polateli
37.2,37.0,Şahinbey
37.2,37.2,Şehitkamil
37.2,37.4,Pazarcık
37.2,37.6,Dulkadiroğlu
37.2,37.8,Çağlayancerit
37.2,38.0,Ekinözü
37.2,38.2,Elbistan
37.2,38.4,Elbistan
37.2,38.6,Gürün
37.2,38.8,Gürün
37.2,39.0,Kangal
37.2,39.2,Kangal
37.2,39.4,Ulaş
37.2,39.8,Hafik
37.2,40.0,Hafik
37.2,40.2,Hafik
37.2,40.6,Başçiftlik
37.2,40.8,Kumru
37.2,41.0,Ünye
37.4,36.8,Elbeyli
37.4,37.0,Şahinbey
37.4,37.2,Şehitkamil
37.4,37.4,Pazarcık
37.4,37.6,Pazarcık
37.4,37.8,Çağlayancerit
37.4,38.0,Nurhak
37.4,38.2,Elbistan
37.4,38.4,Elbistan
37.4,38.6,Darende
37.4,38.8,Gürün Belediyesi
37.4,39.0,Kangal
37.4,39.2,Kangal
37.4,39.4,Ulaş
37.4,39.8,Hafik
37.4,40.0,Hafik
37.4,40.2,Almus
37.4,40.4,Reşadiye Belediyesi
37.4,40.6,Aybastı
37.4,40.8,Korgan
37.4,41.0,Fatsa
37.6,36.8,Oğuzeli
37.6,37.0,Oğuzeli
37.6,37.2,Şehitkamil
37.6,37.4,Araban
37.6,37.6,Gölbaşı
37.6,37.8,Gölbaşı
37.6,38.0,Doğanşehir
37.6,38.2,Elbistan
37.6,38.4,Darende
37.6,38.6,Darende
37.6,38.8,Kuluncak
37.6,39.0,Kuluncak
37.6,39.2,Kangal
37.6,39.4,Kangal
37.6,39.6,Hafik
37.6,39.8,Hafik
37.6,40.0,Zara
37.6,40.2,Doğanşar
37.6,40.4,Mesudiye
37.6,40.6,Gölköy
37.6,40.8,Gürgentepe
37.6,41.0,Fatsa
37.8,36.8,Karkamış
37.8,37.0,Nizip
37.8,37.2,Nizip
37.8,37.4,Araban
37.8,37.6,Besni
37.8,37.8,Gölbaşı
37.8,38.0,Doğanşehir
37.8,38.2,Doğanşehir
37.8,38.4,Akçadağ
37.8,38.6,Darende
37.8,38.8,Hekimhan
37.8,39.0,Hekimhan
37.8,39.2,Kangal
37.8,39.4,Divriği
37.8,39.6,Zara
37.8,39.8,Zara
37.8,40.0,Zara
37.8,40.2,Koyulhisar
37.8,40.4,Mesudiye
37.8,40.6,Mesudiye
37.8,40.8,Ulubey
37.8,41.0,Perşembe
38.0,37.0,Birecik
38.0,37.2,Halfeti
38.0,37.4,Halfeti
38.0,37.6,Besni
38.0,38.0,Doğanşehir
38.0,38.2,Yeşilyurt
38.0,38.4,Akçadağ
38.0,38.6,Yazıhan
38.0,38.8,Hekimhan
38.0,39.0,Hekimhan
38.0,39.2,Divriği
38.0,39.4,Divriği
38.0,39.6,Zara
38.0,39.8,Zara
38.0,40.0,Suşehri
38.0,40.2,Koyulhisar
38.0,40.4,Koyulhisar
38.0,40.6,Kabadüz
38.0,40.8,Altınordu
38.0,41.0,Ordu, Altınordu
38.2,37.0,Suruç
38.2,37.2,Halfeti
38.2,37.4,Bozova
38.2,37.6,Adıyaman Merkez
38.2,37.8,Adıyaman Merkez
38.2,38.0,Çelikhan
38.2,38.2,Yeşilyurt
38.2,38.4,Yeşilyurt
38.2,38.6,Yazıhan
38.2,38.8,Arguvan
38.2,39.0,Arguvan
38.2,39.2,Divriği
38.2,39.4,Divriği
38.2,39.6,Divriği
38.2,39.8,İmranlı
38.2,40.0,Suşehri
38.2,40.2,Suşehri
38.2,40.4,Şebinkarahisar
38.2,40.6,Dereli
38.2,40.8,Bulancak
38.4,37.0,Suruç
38.4,37.2,Bozova
38.4,37.4,Bozova
38.4,37.6,Samsat
38.4,37.8,Adıyaman Merkez
38.4,38.0,Çelikhan
38.4,38.2,Yeşilyurt
38.4,38.4,Battalgazi
38.4,38.6,Baskil
38.4,38.8,Arguvan
38.4,39.0,Arapgir
38.4,39.2,Kemaliye
38.4,39.4,Divriği
38.4,39.6,İliç
38.4,39.8,İmranlı
38.4,40.0,Akıncılar
38.4,40.2,Şebinkarahisar
38.4,40.4,Şebinkarahisar
38.4,40.6,Dereli
38.4,40.8,Giresun Merkez
38.6,37.0,Eyyübiye
38.6,37.2,Karaköprü
38.6,37.4,Karaköprü
38.6,37.6,Samsat
38.6,37.8,Kâhta
38.6,38.0,Sincik
38.6,38.2,Battalgazi
38.6,38.4,Battalgazi
38.6,38.6,Baskil
38.6,38.8,Arapgir
38.6,39.0,Arapgir
38.6,39.2,Kemaliye
38.6,39.4,İliç
38.6,39.6,İliç
38.6,39.8,Refahiye
38.6,40.0,Gölova
38.6,40.2,Şebinkarahisar
38.6,40.4,Şebinkarahisar
38.6,40.6,Yağlıdere
38.6,40.8,Yağlıdere
38.8,36.8,Akçakale
38.8,37.0,Eyyübiye
38.8,37.2,Karaköprü
38.8,37.4,Karaköprü
38.8,37.6,Hilvan
38.8,37.8,Kâhta
38.8,38.0,Gerger
38.8,38.2,Pütürge
38.8,38.4,Kale
38.8,38.6,Baskil
38.8,38.8,Keban
38.8,39.0,Çemişgezek
38.8,39.2,Çemişgezek
38.8,39.4,İliç
38.8,39.6,Kemah
38.8,39.8,Refahiye
38.8,40.0,Refahiye
38.8,40.2,Çamoluk
38.8,40.4,Alucra
38.8,40.6,Güce
38.8,40.8,Espiye
38.8,41.0,Tirebolu
39.0,36.8,Harran
39.0,37.0,Eyyübiye
39.0,37.2,Haliliye
39.0,37.4,Hilvan
39.0,37.6,Hilvan
39.0,37.8,Siverek
39.0,38.0,Gerger
39.0,38.2,Pütürge
39.0,38.4,Sivrice
39.0,38.6,Elâzığ Merkez
39.0,38.8,Elâzığ Merkez
39.0,39.0,Çemişgezek
39.0,39.2,Hozat
39.0,39.4,Kemah
39.0,39.6,Kemah
39.0,39.8,Refahiye
39.0,40.0,Refahiye
39.0,40.2,Şiran
39.0,40.4,Alucra
39.0,40.6,Kürtün
39.0,40.8,Doğankent
39.0,41.0,Görele
39.2,36.8,Harran
39.2,37.0,Eyyübiye
39.2,37.2,Haliliye
39.2,37.4,Haliliye
39.2,37.6,Hilvan
39.2,37.8,Siverek
39.2,38.0,Siverek
39.2,38.2,Gerger
39.2,38.4,Sivrice
39.2,38.6,Elâzığ Merkez
39.2,38.8,Elâzığ Merkez
39.2,39.0,Hozat
39.2,39.2,Hozat
39.2,39.4,Ovacık
39.2,39.6,Kemah
39.2,39.8,Erzincan Merkez
39.2,40.0,Kelkit
39.2,40.2,Şiran
39.2,40.4,Torul
39.2,40.6,Torul
39.2,40.8,Şalpazarı
39.2,41.0,Beşikdüzü
39.4,36.8,Harran
39.4,37.0,Eyyübiye
39.4,37.2,Haliliye
39.4,37.4,Siverek
39.4,37.6,Siverek
39.4,37.8,Siverek
39.4,38.0,Çermik
39.4,38.2,Çüngüş
39.4,38.4,Sivrice
39.4,38.6,Elâzığ Merkez
39.4,38.8,Pertek
39.4,39.0,Pertek
39.4,39.4,Ovacık
39.4,39.6,Kemah
39.4,39.8,Erzincan Merkez
39.4,40.0,Kelkit
39.4,40.2,Kelkit
39.4,40.4,Gümüşhane Merkez
39.4,40.6,Torul
39.4,40.8,Maçka
39.4,41.0,Çarşıbaşı
39.6,36.8,Ceylanpınar
39.6,37.0,Viranşehir
39.6,37.2,Viranşehir
39.6,37.4,Siverek
39.6,37.6,Siverek
39.6,37.8,Siverek
39.6,38.0,Ergani
39.6,38.2,Ergani
39.6,38.4,Maden
39.6,38.6,Elâzığ Merkez
39.6,38.8,Kovancılar
39.6,39.0,Mazgirt
39.6,39.2,Tunceli
39.6,39.4,Ovacık
39.6,39.6,Erzincan Merkez
39.6,39.8,Erzincan Merkez
39.6,40.0,Kelkit
39.6,40.2,Köse
39.6,40.4,Gümüşhane Merkez
39.6,40.6,Gümüşhane Merkez
39.6,40.8,Maçka
39.6,41.0,Akçaabat
39.8,36.8,Ceylanpınar
39.8,37.0,Ceylanpınar
39.8,37.2,Viranşehir
39.8,37.4,Viranşehir
39.8,37.6,Siverek
39.8,37.8,Siverek
39.8,38.0,Ergani
39.8,38.2,Ergani
39.8,38.4,Maden
39.8,38.6,Palu
39.8,38.8,Kovancılar
39.8,39.0,Mazgirt
39.8,39.2,Nazmiye
39.8,39.4,Pülümür
39.8,39.6,Pülümür
39.8,39.8,Çayırlı
39.8,40.0,Demirözü
39.8,40.2,Köse
39.8,40.4,Gümüşhane Merkez
39.8,40.6,Gümüşhane Merkez
39.8,40.8,Yomra
39.8,41.0,Trabzon, Ortahisar
40.0,37.0,Ceylanpınar
40.0,37.2,Viranşehir
40.0,37.4,Derik
40.0,37.6,Çınar
40.0,37.8,Çınar
40.0,38.0,Kayapınar
40.0,38.2,Eğil
40.0,38.4,Dicle
40.0,38.6,Palu
40.0,38.8,Kovancılar
40.0,39.0,Karakoçan
40.0,39.2,Yayladere
40.0,39.4,Pülümür
40.0,39.6,Üzümlü
40.0,39.8,Çayırlı
40.0,40.0,Otlukbeli
40.0,40.2,Demirözü
40.0,40.4,Aydıntepe
40.0,40.6,Araklı
40.0,40.8,Araklı
40.2,37.0,Kızıltepe
40.2,37.2,Derik
40.2,37.4,Derik
40.2,37.6,Çınar
40.2,37.8,Bağlar
40.2,38.0,Yenişehir
40.2,38.2,Eğil
40.2,38.4,Dicle
40.2,38.6,Genç
40.2,38.8,Palu
40.2,39.0,Karakoçan
40.2,39.2,Yayladere
40.2,39.4,Pülümür
40.2,39.6,Tercan
40.2,39.8,Tercan
40.2,40.0,Otlukbeli
40.2,40.2,Bayburt Merkez
40.2,40.4,Aydıntepe
40.2,40.6,Çaykara
40.2,40.8,Dernekpazarı
40.4,37.2,Kızıltepe
40.4,37.4,Mazıdağı
40.4,37.6,Çınar
40.4,37.8,Çınar
40.4,38.4,Hani
40.4,38.6,Genç
40.4,38.8,Bingöl Merkez
40.4,39.0,Bingöl Merkez
40.4,39.2,Adaklı
40.4,39.4,Kiğı
40.4,39.6,Tercan
40.4,39.8,Tercan
40.4,40.0,Bayburt Merkez
40.4,40.2,Bayburt Merkez
40.4,40.4,Bayburt Merkez
40.4,40.6,Çaykara
40.4,40.8,Hayrat
40.4,41.0,İyidere
40.6,37.2,Kızıltepe
40.6,37.4,Artuklu
40.6,37.6,Çınar
40.6,37.8,Bismil
40.6,38.0,Bismil
40.6,38.2,Kocaköy
40.6,38.4,Lice
40.6,38.6,Genç
40.6,38.8,Bingöl Merkez
40.6,39.0,Bingöl Merkez
40.6,39.2,Adaklı
40.6,39.4,Yedisu
40.6,39.6,Tercan
40.6,39.8,Aşkale
40.6,40.0,Aşkale
40.6,40.2,Bayburt Merkez
40.6,40.4,Pazaryolu
40.6,40.6,İkizdere
40.6,40.8,İkizdere
40.6,41.0,Güneysu
40.8,37.2,Artuklu
40.8,37.4,Yeşilli
40.8,37.6,Savur
40.8,37.8,Bismil
40.8,38.0,Bismil
40.8,38.2,Hazro
40.8,38.4,Lice
40.8,38.6,Genç
40.8,38.8,Genç
40.8,39.0,Bingöl Merkez
40.8,39.2,Karlıova
40.8,39.4,Karlıova
40.8,39.8,Aşkale
40.8,40.0,Aşkale
40.8,40.2,Aziziye
40.8,40.4,Pazaryolu
40.8,40.6,İkizdere
40.8,40.8,Çayeli
40.8,41.0,Çayeli
41.0,37.2,Midyat
41.0,37.4,Ömerli
41.0,37.6,Savur
41.0,37.8,Batman Merkez
41.0,38.0,Silvan
41.0,38.2,Silvan
41.0,38.4,Kulp
41.0,38.6,Kulp
41.0,38.8,Solhan
41.0,39.0,Solhan
41.0,39.2,Karlıova
41.0,39.4,Karlıova
41.0,39.8,Palandöken
41.0,40.0,Aziziye
41.0,40.2,Aziziye
41.0,40.4,İspir
41.0,40.6,İspir
41.0,40.8,Çamlıhemşin
41.0,41.0,Çamlıhemşin
41.0,41.2,Ardeşen
41.2,37.2,Midyat
41.2,37.4,Midyat
41.2,37.6,Gercüş
41.2,37.8,Batman Merkez
41.2,38.0,Batman Merkez
41.2,38.2,Silvan
41.2,38.4,Kulp
41.2,38.6,Kulp
41.2,38.8,Muş Merkez
41.2,39.0,Muş Merkez
41.2,39.2,Varto
41.2,39.4,Tekman
41.2,39.6,Tekman
41.2,39.8,Palandöken
41.2,40.0,Yakutiye
41.2,40.2,Yakutiye
41.2,40.4,Tortum
41.2,40.6,İspir
41.2,40.8,İspir
41.2,41.0,Ardeşen
41.2,41.2,Fındıklı
41.4,37.2,Nusaybin
41.4,37.4,Midyat
41.4,37.6,Gercüş
41.4,37.8,Beşiri
41.4,38.0,Beşiri
41.4,38.2,Kozluk
41.4,38.4,Sason
41.4,38.6,Muş Merkez
41.4,38.8,Muş Merkez
41.4,39.0,Muş Merkez
41.4,39.2,Varto
41.4,39.4,Hınıs
41.4,39.6,Tekman
41.4,39.8,Tekman
41.4,40.0,Yakutiye
41.4,40.2,Yakutiye
41.4,40.4,Tortum
41.4,40.6,Yusufeli
41.4,40.8,Yusufeli
41.4,41.0,Yusufeli
41.4,41.2,Arhavi
41.4,41.4,Hopa
41.6,37.2,Midyat
41.6,37.4,İdil
41.6,37.6,Gercüş
41.6,37.8,Beşiri
41.6,38.0,Kurtalan
41.6,38.2,Kozluk
41.6,38.4,Sason
41.6,38.6,Mutki
41.6,38.8,Muş Merkez
41.6,39.0,Muş Merkez
41.6,39.2,Varto
41.6,39.4,Hınıs
41.6,39.6,Tekman
41.6,39.8,Tekman
41.6,40.0,Pasinler
41.6,40.2,Pasinler
41.6,40.4,Tortum
41.6,40.6,Uzundere
41.6,40.8,Yusufeli
41.6,41.0,Yusufeli
41.6,41.2,Artvin Merkez
41.6,41.4,Borçka
41.8,37.2,İdil
41.8,37.4,Midyat
41.8,37.6,Dargeçit
41.8,37.8,Kurtalan
41.8,38.0,Siirt
41.8,38.2,Baykan
41.8,38.4,Mutki
41.8,38.6,Mutki
41.8,38.8,Korkut
41.8,39.0,Muş Merkez
41.8,39.2,Hınıs
41.8,39.4,Hınıs
41.8,39.6,Karayazı
41.8,39.8,Köprüköy
41.8,40.0,Pasinler
41.8,40.2,Narman
41.8,40.4,Narman
41.8,40.6,Oltu
41.8,40.8,Yusufeli
41.8,41.0,Yusufeli
41.8,41.2,Artvin Merkez
41.8,41.4,Borçka
42.0,37.2,İdil
42.0,37.4,İdil
42.0,37.6,Güçlükonak
42.0,37.8,Eruh
42.0,38.0,Şirvan
42.0,38.2,Bitlis Merkez
42.0,38.4,Mutki
42.0,38.6,Güroymak
42.0,38.8,Korkut
42.0,39.0,Bulanık
42.0,39.2,Bulanık
42.0,39.4,Karaçoban
42.0,39.6,Karayazı
42.0,39.8,Karayazı
42.0,40.0,Horasan
42.0,40.2,Horasan
42.0,40.4,Oltu
42.0,40.6,Oltu
42.0,40.8,Olur
42.0,41.2,Artvin Merkez
42.0,41.4,Borçka
42.2,37.6,Eruh
42.2,37.8,Eruh
42.2,38.0,Şirvan
42.2,38.2,Şirvan
42.2,38.4,Bitlis Merkez
42.2,38.6,Güroymak
42.2,38.8,Ahlat
42.2,39.0,Bulanık
42.2,39.2,Bulanık
42.2,39.4,Malazgirt
42.2,39.6,Karayazı
42.2,39.8,Karayazı
42.2,40.0,Horasan
42.2,40.2,Horasan
42.2,40.4,Oltu
42.2,40.6,Şenkaya
42.2,40.8,Olur
42.2,41.4,Şavşat
42.4,37.2,Silopi
42.4,37.4,Şırnak
42.4,37.6,Şırnak
42.4,37.8,Pervari
42.4,38.0,Şirvan
42.4,38.2,Hizan
42.4,38.4,Tatvan
42.4,38.6,Tatvan
42.4,38.8,Ahlat
42.4,39.0,Bulanık
42.4,39.2,Malazgirt
42.4,39.4,Malazgirt
42.4,39.6,Karayazı
42.4,39.8,Eleşkirt
42.4,40.0,Horasan
42.4,40.2,Sarıkamış
42.4,40.4,Şenkaya
42.4,40.6,Şenkaya
42.4,40.8,Göle
42.4,41.0,Göle
42.4,41.2,Şavşat
42.4,41.4,Şavşat
42.6,37.2,Silopi
42.6,37.8,Pervari
42.6,38.0,Hizan
42.6,38.2,Hizan
42.6,38.4,Tatvan
42.6,38.6,Tatvan
42.6,38.8,Ahlat
42.6,39.0,Malazgirt
42.6,39.2,Malazgirt
42.6,39.4,Tutak
42.6,39.6,Tutak
42.6,39.8,Eleşkirt
42.6,40.0,Sarıkamış
42.6,40.2,Sarıkamış
42.6,40.4,Sarıkamış
42.6,40.6,Selim
42.6,40.8,Göle
42.6,41.0,Göle
42.6,41.2,Ardahan Merkez
42.6,41.4,Posof
42.8,37.4,Uludere
42.8,37.8,Pervari
42.8,38.0,Bahçesaray
42.8,38.2,Bahçesaray
42.8,38.4,Gevaş
42.8,38.6,Tatvan
42.8,38.8,Adilcevaz
42.8,39.0,Panos
42.8,39.2,Panos
42.8,39.4,Tutak
42.8,39.6,Tutak
42.8,39.8,Eleşkirt
42.8,40.0,Kağızman
42.8,40.2,Sarıkamış
42.8,40.4,Selim
42.8,40.6,Selim
42.8,40.8,Göle
42.8,41.0,Ardahan Merkez
42.8,41.2,Hanak
42.8,41.4,Damal
43.0,37.4,Uludere
43.0,37.6,Beytüşşebap
43.0,37.8,Çatak
43.0,38.0,Çatak
43.0,38.2,Çatak
43.0,38.4,Gevaş
43.0,38.6,Tuşba
43.0,38.8,Adilcevaz
43.0,39.0,Adilcevaz
43.0,39.2,Panos
43.0,39.4,Hamur
43.0,39.6,Hamur
43.0,39.8,Ağrı
43.0,40.0,Kağızman
43.0,40.2,Kağızman
43.0,40.4,Kars Merkez
43.0,40.6,Kars Merkez
43.0,40.8,Susuz
43.0,41.0,Ardahan Merkez
43.0,41.2,Hanak
43.0,41.4,Posof
43.2,37.4,Uludere
43.2,37.6,Beytüşşebap
43.2,37.8,Çatak
43.2,38.0,Çatak
43.2,38.2,Çatak
43.2,38.4,Edremit
43.2,38.6,Tuşba
43.2,38.8,Tuşba
43.2,39.0,Erciş
43.2,39.2,Erciş
43.2,39.4,Hamur
43.2,40.0,Kağızman
43.2,40.2,Kağızman
43.2,40.4,Digor
43.2,40.6,Kars Merkez
43.2,40.8,Susuz
43.2,41.0,Çıldır
43.2,41.2,Çıldır
43.4,37.4,Çukurca
43.4,37.6,Beytüşşebap
43.4,37.8,Gürpınar
43.4,38.0,Gürpınar
43.4,38.2,Gürpınar
43.4,38.4,Edremit
43.4,38.6,Tuşba
43.4,38.8,Tuşba
43.4,39.0,Erciş
43.4,39.2,Erciş
43.4,39.4,Taşlıçay
43.4,39.6,Taşlıçay
43.4,40.0,Tuzluca
43.4,40.2,Kağızman
43.4,40.4,Digor
43.4,40.6,Kars Merkez
43.4,40.8,Arpaçay
43.4,41.0,Arpaçay
43.6,37.4,Hakkari Merkez
43.6,37.6,Hakkari Merkez
43.6,37.8,Gürpınar
43.6,38.0,Gürpınar
43.6,38.2,Gürpınar
43.6,38.4,Gürpınar
43.6,38.6,İpekyolu
43.6,38.8,Muradiye
43.6,39.0,Muradiye
43.6,39.2,Erciş
43.6,39.4,Diyadin
43.6,39.6,Diyadin
43.6,39.8,Doğubayazıt
43.6,40.0,Tuzluca
43.6,40.2,Digor
43.6,40.4,Digor
43.6,40.6,Kars Merkez
43.6,40.8,Akyaka
43.8,37.4,Hakkari Merkez
43.8,37.6,Hakkari Merkez
43.8,37.8,Başkale
43.8,38.0,Gürpınar
43.8,38.2,Gürpınar
43.8,38.4,Gürpınar
43.8,38.6,İpekyolu
43.8,38.8,Muradiye
43.8,39.0,Muradiye
43.8,39.2,Çaldıran
43.8,39.4,Diyadin
43.8,39.6,Diyadin
43.8,39.8,Iğdır
43.8,40.0,Tuzluca
44.0,37.4,Yüksekova
44.0,37.6,Yüksekova
44.0,37.8,Başkale
44.0,38.0,Başkale
44.0,38.2,Başkale
44.0,38.4,Gürpınar
44.0,38.6,Özalp
44.0,38.8,Özalp
44.0,39.0,Çaldıran
44.0,39.2,Çaldıran
44.0,39.4,Doğubayazıt
44.0,39.6,Doğubayazıt
44.0,39.8,Iğdır
44.0,40.0,Iğdır
44.2,37.4,Yüksekova
44.2,37.6,Yüksekova
44.2,37.8,Başkale
44.2,38.0,Başkale
44.2,38.2,Başkale
44.2,38.4,Saray
44.2,38.6,Saray
44.2,38.8,Özalp
44.2,39.6,Doğubayazıt
44.2,39.8,Iğdır
44.2,40.0,Karakoyunlu
44.4,37.2,Şemdinli
44.4,37.4,Şemdinli
44.4,37.6,Yüksekova
44.4,37.8,Başkale
44.4,39.6,Doğubayazıt
44.4,39.8,Aralık
44.4,40.0,Karakoyunlu
44.6,37.2,Derecik
44.6,37.4,Şemdinli
44.6,37.6,Yüksekova
44.6,39.8,Aralık
